Kanji,Reading,Meaning,Seen,Update_Date
急に,きゅうに,quickly; suddenly,true,2024-11-13
機嫌,きげん,mood; spirits | be in a good mood,true,2024-11-13
収穫,しゅうかく,harvest; crop,true,2024-11-13
目が回る,めがまわる,to be dizzy,false,
突然,とつぜん,abrupt; sudden; unexpected,false,
ランチ,ランチ,lunch,false,
上達,じょうたつ,improvement (e.g. in skill/ability); advance,false,
担当,たんとう,being in charge; being responsible for,false,
フルーツ,フルーツ,fruit,false,
スピード,スピード,speed,false,
職場,しょくば,place of work,false,
支出,ししゅつ,expenditure; disbursement,false,
表れる,あらわれる,to appear; to become visible; to be expressed,false,
部分,ぶぶん,portion; section,false,
天然,てんねん,nature,false,
解釈,かいしゃく,explanation; interpretation,false,
権利,けんり,right; privilege,true,2024-11-07
非常,ひじょう,emergency | extraordinary; unusual,false,
有利,ゆうり,advantageous; profitable,true,2024-11-07
猿,さる,monkey,false,
クリスマス,クリスマス,Christmas,false,
握る,にぎる,to grasp; to grip,false,
勝ち,かち,victory,true,2024-11-07
吠える,ほえる,to bark; to howl,false,
バイク,バイク,motorcycle,false,
解く,とく,to solve; to unravel; to untie,true,2024-11-12
頃,ころ、ごろ,approximate time; around; about,false,
一瞬,いっしゅん,instant; moment,false,
スポーツ選手,スポーツせんしゅ,athlete,false,
抜ける,ぬける,to come out; to fall out; to be omitted,false,
免許,めんきょ,license,false,
随分,ずいぶん,very; surprisingly,true,2024-11-11
付き合う,つきあう,to associate with; to socialize with,true,2024-11-05
目覚まし時計,めざましどけい,alarm clock,false,
旅,たび,trip; journey,false,
不自由,ふじゆう,disability; impairment (physical/mental/etc.),false,
美人,びじん,beautiful woman,false,
ファストフード,ファストフード,fast-food,false,
プロジェクター,プロジェクター,projector,false,
毛布,もうふ,blanket,false,
資本,しほん,funds; capital,false,
大量,たいりょう,large quantity,false,
税金,ぜいきん,tax; duty,false,
物音,ものおと,sounds,false,
ビデオ,ビデオ,video,false,
得意,とくい,one's strong point; one's forte,false,
残り,のこり,remaining; left-over,false,
事前,じぜん,beforehand; in advance,false,
うなる,うなる,to groan; to moan,false,
単なる,たんなる,mere; simple,true,2024-11-08
野,の,plain; field,true,2024-11-12
現れる,あらわれる,to appear; to become visible,false,
あいにく,あいにく,unfortunately; Sorry/but,false,
次回,じかい,next time,false,
減る,へる,to decrease (in size or number); to diminish,false,
留める,とどめる,to stop; to keep (in position/in place); to limit,false,
専門分野,せんもんぶんや,area of expertise; specialization,false,
見解,けんかい,opinion; point of view,false,
わざわざ,わざわざ,specially; especially; intentionally,false,
受かる,うかる,to pass (examination),true,2024-11-09
熱中,ねっちゅう,enthusiasm; mania,false,
含む,ふくむ,to contain; to include,false,
高速,こうそく,high speed,false,
嘘をつく,うそをつく,to (tell a) lie,false,
一家,いっか,a family; a household,false,
過ごす,すごす,to pass (time); to overdo,false,
手術,しゅじゅつ,surgery,false,
気温,きおん,temperature (weather),false,
ソファー,ソファー,sofa,false,
田,た,rice field,false,
重視,じゅうし,regard as important; put emphasis on,false,
人間関係,にんげんかんけい,human relations,true,2024-11-05
ところが,ところが,despite; however,false,
容易,ようい,easy; simple; plain,false,
農家,のうか,farmer,false,
審判,しんぱん,referee; judgement; umpire,false,
従う,したがう,to obey; to follow,false,
初心者,しょしんしゃ,beginner,true,2024-11-06
しゃべる,しゃべる,to talk; to chat,false,
睡眠,すいみん,sleep,true,2024-11-12
相続,そうぞく,succession; inheritance,false,
主張,しゅちょう,claim; assertion,false,
かっこいい,かっこいい,cool; looking good,false,
売れる,うれる,to sell (a lot),false,
話しかける,はなしかける,to start a conversation,false,
ちょうだい,ちょうだい,(hum) to receive; (hum) to eat; to drink,false,
トップ,トップ,top,false,
歌手,かしゅ,singer,false,
しきりに,しきりに,frequently; repeatedly,false,
銀,ぎん,Silver,false,
疑う,うたがう,to doubt; to suspect,false,
お気に入り,おきにいり,favorite; bookmark (e.g. on a web browser),false,
利口,りこう,clever; shrewd; well-behaved (of kids/animals/etc),false,
漫画家,まんがか,cartoonist; manga artist,false,
仲良い,なかいい,be friendly with,false,
延びる,のびる,to lengthen; to grow; to be extended; to be postponed,false,
暮らす,くらす,to live; to get along,false,
好む,このむ,to prefer; to like,false,
我慢,がまん,tolerance; self-control,false,
薬局,やっきょく,pharmacy,false,
泡,あわ,bubble; foam; froth,false,
本日,ほんじつ,today,false,
額,ひたい,forehead; brow,false,
予防,よぼう,prevention,true,2024-11-04
瞬間,しゅんかん,moment; instant,false,
区別,くべつ,distinction; classification,false,
成人,せいじん,adult,false,
場,ば,place,false,
予約制,よやくせい,by reservation,true,2024-11-04
煙,けむり,smoke,false,
～によると,～によると,according to ～,false,
知能,ちのう,intelligence,false,
悪口,わるくち、あっこう,insult; bad mouth,false,
科目,かもく,(school) subject; curriculum,false,
内容,ないよう,contents; substance; details,true,2024-11-06
勢い,いきおい,force; vigor; spirit,false,
器用,きよう,skilful; adroit,false,
句,く,section (i.e. of text); paragraph,false,
完成,かんせい,completion; accomplishment,true,2024-11-12
品,しな,article; item; good,false,
鉄,てつ,iron (Fe),false,
暮らし,くらし,living; life circumstances,false,
クーポン券,クーポンけん,coupon,false,
勝手に,かってに,selfishly/of one's own convenience,true,2024-11-07
だいたい,だいたい,generally; approximately,false,
発達,はったつ,development; growth,false,
灯,ひ,lamp; torch,false,
真っ赤,まっか,bright red; deep red,false,
模様,もよう,model; pattern; example,false,
凍る,こおる,to freeze,false,
注,ちゅう,annotation; explanatory note,false,
救助,きゅうじょ,relief; aid,true,2024-11-07
悲しむ,かなしむ,to be sad,false,
人生,じんせい,life; one's lifetime,false,
承認,しょうにん,approval; consent,false,
市場（いちば）,いちば,market; marketplace (physical place),false,
優勝,ゆうしょう,overall victory; championship,true,2024-11-07
インターンシップ,インターンシップ,internship,false,
ネットショッピング,ネットショッピング,online shopping,false,
国民,こくみん,people (of a country); citizen,false,
改善,かいぜん,improvement,false,
世の中,よのなか,society; the world,false,
ショッピング,ショッピング,shopping,false,
設計,せっけい,plan; design,false,
責める,せめる,to blame; to criticize; to press; to persecute,false,
苦痛,くつう,pain; agony,false,
消費,しょうひ,consumption; expenditure,false,
マイク,マイク,(abbr) microphone,false,
逆,ぎゃく,opposite,false,
経つ,たつ,to pass; to elapse,false,
義務,ぎむ,duty; obligation,false,
学問,がくもん,scholarship; study; learning,false,
分野,ぶんや,field; area; realm,false,
抜群,ばつぐん,outstanding; exceptional,false,
幸せ,しあわせ,happiness; good fortune,false,
競走,きょうそう,race,false,
傷,きず,wound; injury,false,
訪問,ほうもん,call; visit,false,
伸ばす,のばす,to grow (e.g. hair/nails); to stretch; to reach out,false,
メダル,メダル,medal,false,
人事,じんじ,human resources; HR,false,
材料,ざいりょう,ingredients; materials,false,
流行,りゅうこう,fashion; fad,true,2024-11-09
建築,けんちく,construction; architecture,false,
石油,せきゆ,oil; petroleum,false,
死亡,しぼう,to die; to pass away,false,
寝不足,ねぶそく,lack of sleep,false,
協力,きょうりょく,cooperation; collaboration,false,
候補,こうほ,candidate; contender,false,
パスポート,パスポート,passport,false,
返却,へんきゃく,return; repayment,false,
間違いない,まちがいない,sure; for certain; no mistaking it,false,
激しい,はげしい,intense; fierce; vehement,false,
実験,じっけん,experiment,true,2024-11-13
苦しむ,くるしむ,to suffer,false,
連想,れんそう,association (of ideas),false,
感動,かんどう,being deeply moved emotionally,false,
山ほど,やまほど,a lot; a great amount of,false,
最低,さいてい,least; lowest; worst,false,
苦手,にがて,poor (at); weak (in); dislike (of),false,
商売,しょうばい,trade; commerce,true,2024-11-11
加える,くわえる,to add; to include,true,2024-11-07
何も,なにも,nothing (with neg. verbs),false,
描く,えがく,to draw; to paint; to sketch,false,
充電,じゅうでん,charging (electrically),false,
幅,はば,width; range; gap; difference,false,
製造,せいぞう,manufacture,false,
観客,かんきゃく,spectator,true,2024-11-13
撃つ,うつ,to shoot,false,
裏切る,うらぎる,to betray,false,
ワイワイ,ワイワイ,boisterously; lively,false,
貯金,ちょきん,savings; deposit (e.g. in a bank),false,
暗記,あんき,memorization,false,
年齢,ねんれい,age; years,false,
超える,こえる,to exceed,false,
商品,しょうひん,good; merchandise,true,2024-11-11
別に,べつに,not particularly | separately; additionally,false,
完了,かんりょう,completion,true,2024-11-12
宇宙,うちゅう,universe; cosmos; space,false,
誘う,さそう,to invite; to ask (someone to do),false,
ネズミ,ネズミ,(uk) mouse; rat | dark gray; dark grey; slate (color/colour),false,
まるで,まるで,entirely; completely,false,
提出,ていしゅつ,to present; to submit (e.g. a report or a thesis),false,
損,そん,loss; damage; harm,false,
登山,とざん,mountain climbing,false,
宛先,あてさき,destination; addressee,false,
ヘッドホン,ヘッドホン,headphone,false,
減らす,へらす,to decrease; to diminish,true,2024-11-09
パイプ,パイプ,pipe,false,
上記,じょうき,the above (text),false,
詩,し,poem; verse,false,
語学,ごがく,study of language; linguistics,false,
料金,りょうきん,fee; charge,false,
日付,ひづけ,date,true,2024-11-05
失う,うしなう,to lose,true,2024-11-12
父親,ちちおや,father,false,
エネルギー,エネルギー,energy; power,false,
完全,かんぜん,completeness,true,2024-11-06
越える,こえる,to exceed; to pass,false,
順番,じゅんばん,order; sequential order,false,
塀,へい,wall; fence,false,
学期,がっき,school term; semester,false,
毒,どく,poison,false,
命じる,めいじる,to order; to command,false,
ハンバーガー,ハンバーガー,hamburger (with bun),false,
泳ぎ,およぎ,swimming,false,
アルバム,アルバム,album,false,
ゴール,ゴール,goal,false,
ウイルスソフト,ウイルスソフト,anti-virus software,false,
約～,やく～,approximately ～; about ～,false,
ネット,ネット,internet; (physical) net,false,
振る,ふる,to shake; to wave,false,
昇る,のぼる,to ascend; to climb,false,
ピン,ピン,pin,false,
役割,やくわり,part; role,false,
実現,じつげん,implementation (e.g. of a system),true,2024-11-13
種類,しゅるい,type; kind; category,false,
学費,がくひ,tuition; school expenses,false,
軒,のき,eaves,false,
水準,すいじゅん,level; standard,false,
迷惑,めいわく,trouble; annoyance,false,
移動,いどう,moving; transfer; migration,false,
下記,かき,the below (text),false,
優秀,ゆうしゅう,superiority; excellence,false,
印,しるし,mark; sign,false,
守る,まもる,to protect; to guard; to uphold; to follow,true,2024-11-12
解決,かいけつ,solution; resolution,false,
桜,さくら,cherry tree; cherry blossom,false,
おまえ,おまえ,you (familiar person),false,
農民,のうみん,farmer,false,
旗,はた,flag,true,2024-11-11
かわいらしい,かわいらしい,lovely; sweet,false,
地球,ちきゅう,the earth; the globe,false,
特に～ない,とくに～ない,not particularly ～,false,
脇,わき,armpit; side; flank,false,
チャンス,チャンス,chance,false,
要求,ようきゅう,demand; request; requirement,false,
大事故,だいじこ,major accident; major incident,false,
感覚,かんかく,sensation; feeling,false,
印刷,いんさつ,printing,false,
ばらばら,ばらばら,unorganized; disarrayed,false,
集まり,あつまり,gathering; meeting,false,
そのまま,そのまま,as it is (was),false,
先日,せんじつ,the other day; a few days ago,false,
倒す,たおす,to knock down; to ruin,false,
恋人,こいびと,lover; sweetheart,false,
期間,きかん,period; term,false,
永久,えいきゅう,eternity; perpetuity,false,
サークル,サークル,club (e.g. company sports club); group with common interests,false,
拡大,かくだい,magnification; amplification; enlargement; expansion,false,
芽,め,sprout,false,
跡,あと,trace; tracks; scar,false,
ボート,ボート,boat,false,
正午,しょうご,noon; mid-day,false,
首相,しゅしょう,Prime Minister; Chancellor,false,
ゴルフ,ゴルフ,golf,false,
申し訳,もうしわけ,apology; excuse,false,
ホーム,ホーム,platform (e.g. train) | home,false,
おしゃべり,おしゃべり,chattering; chitchat; gossip,false,
武器,ぶき,weapon; arms,false,
次々,つぎつぎ,in succession; one by one,false,
チーズ,チーズ,cheese,false,
ドレス,ドレス,dress,false,
続き,つづき,continuation; succession,false,
人物,じんぶつ,person,false,
出版,しゅっぱん,publication,false,
いたずら,いたずら,prank; trick; fooling around with,false,
工夫,くふう,scheme; device,true,2024-11-11
それぞれ,それぞれ,each; respectively,false,
変更,へんこう,change; alteration,true,2024-11-11
光景,こうけい,scene; view,false,
広告,こうこく,advertisement,true,2024-11-11
今に,いまに,before long; even now,false,
意外,いがい,unexpected; surprising,false,
酸素,さんそ,oxygen,false,
現金,げんきん,cash,false,
刺激,しげき,stimulus,false,
急速,きゅうそく,rapid (e.g. progress),false,
合わせる,あわせる,to match (rhythm/speed/etc.); to combine,false,
向く,むく,to turn toward; to face; to be suited to,true,2024-11-09
通信販売,つうしんはんばい,mail order,true,2024-11-05
切れる,きれる,to be cut; to split,false,
検討,けんとう,consideration,false,
向ける,むける,to turn towards,true,2024-11-09
禁止,きんし,prohibition; ban,false,
事件,じけん,event; incident; case (usually negative),false,
分,ぶん,part; segment; share,false,
正式,せいしき,official; formality,false,
学ぶ,まなぶ,to study,false,
厄介,やっかい,trouble; burden; nuisance;,false,
急激,きゅうげき,sudden; abrupt,false,
一般的,いっぱんてき,common; general; for the masses,false,
プロ,プロ,professional,false,
医師,いし,doctor,false,
スイッチ,スイッチ,switch,false,
アイロン,アイロン,iron (clothes); hair iron,false,
温度,おんど,temperature,false,
バカ,バカ,fool; idiot; stupid,false,
発車,はっしゃ,departure; leaving,false,
テント,テント,tent,false,
論文,ろんぶん,thesis; essay,false,
たとえ,たとえ,even if; no matter,false,
うがい,うがい,(uk) gargling; rinsing one's mouth,false,
袋,ふくろ,bag; pouch,false,
建設,けんせつ,construction; establishment,false,
お昼,おひる,lunch; noon break,false,
呼吸,こきゅう,breathing; respiration,false,
詳しい,くわしい,detailed,false,
氷,こおり,ice,false,
明かり,あかり,illumination,false,
なす,なす,eggplant,false,
一生,いっしょう,whole life; a lifetime,false,
金額,きんがく,amount of money,false,
販売機,はんばいき,vending machine,false,
人気,にんき,popularity,false,
掲示板,けいじばん,bulletin board,false,
加わる,くわわる,to be added to,true,2024-11-08
評価,ひょうか,assessment; evaluation,false,
大した,たいした,considerable; important; significant; a big deal,false,
扱う,あつかう,to handle; to manage; to deal with,false,
巣,す,nest; hive,false,
整理,せいり,putting in order; organization; adjustment; regulation,false,
計算,けいさん,calculation,false,
記入,きにゅう,entry; filling in; filling out,false,
考え,かんがえ,thought; idea; opinion,false,
新郎,しんろう,bridegroom,false,
観光客,かんこうきゃく,tourist,true,2024-11-13
おめでとうございます,おめでとうございます,congratulations!,false,
適切,てきせつ,pertinent; appropriate,false,
あくび,あくび,yawn,false,
大部分,だいぶぶん,greater part; majority,false,
ドリンク,ドリンク,drink,true,2024-11-12
自動,じどう,automatic,false,
自身,じしん,(by) oneself,false,
信用,しんよう,confidence; trust,true,2024-11-05
景気,けいき,business conditions; economic climate,false,
心臓,しんぞう,heart (medical),false,
幕,まく,curtain,false,
大統領,だいとうりょう,president (of a country),false,
新商品,しんしょうひん,new product,true,2024-11-11
秒,びょう,second (unit of time),false,
用心,ようじん,care; caution,false,
偽物,にせもの,counterfeit; imitation,true,2024-11-09
短期的,たんきてき,short-term,false,
積極的,せっきょくてき,active; proactive; assertive,false,
陰,かげ,shade; shadow,false,
休日,きゅうじつ,holiday; day off,false,
恐ろしい,おそろしい,dreadful; terrifying; frightening,false,
霧,きり,fog; mist,false,
繰り返す,くりかえす,to repeat,false,
覚ます,さます,to awaken; to arouse from sleep,false,
ガーデニング,ガーデニング,gardening,false,
指導,しどう,guidance; instruction,false,
製品,せいひん,manufactured goods; product,false,
太陽,たいよう,sun,false,
今回,こんかい,this time,false,
いらいら,いらいら,getting nervous; being irritated,false,
歓迎,かんげい,welcome; reception,false,
地区,ちく,district; section,false,
短期,たんき,short-term,false,
検査,けんさ,inspection; examination,false,
キロ,キロ,kilometer; kilogram,false,
生じる,しょうじる,to produce; to yield | to result from,false,
アイディア,アイディア,idea,false,
上等,じょうとう,superior; first-class,false,
取り上げる,とりあげる,to pick up; to adopt; to accept | to confiscate,true,2024-11-09
影響,えいきょう,influence; effect,false,
じっと,じっと,intently; stoically; quietly,false,
真冬,まふゆ,midwinter,false,
温暖,おんだん,warm; mild; temperate,false,
捕まる,つかまる,to be caught; to be arrested,false,
街,まち,city; town,false,
値上げ,ねあげ,price increase,false,
節約,せつやく,economising; saving,false,
直接,ちょくせつ,direct,false,
痛み,いたみ,pain; soreness,false,
婦人,ふじん,woman; lady,false,
出来事,できごと,incident; happening,false,
とんでもない,とんでもない,unthinkable; outrageous; unexpected,false,
起こる,おこる,to occur; to happen,true,2024-11-09
混乱,こんらん,disorder; confusion,false,
数（かず）,かず,number; amount,false,
虫歯,むしば,cavity; tooth decay,false,
好み,このみ,liking; taste,false,
放す,はなす,to release; to let go,false,
主要,しゅよう,main; principal,false,
謎,なぞ,enigma; mystery,false,
土地,とち,plot of land,false,
状態,じょうたい,current status; condition,false,
患者,かんじゃ,(medical) patient,false,
答案,とうあん,answer sheet,false,
強力,きょうりょく,powerful; strong,false,
王様,おうさま,king,false,
異常,いじょう,abnormality; strangeness,false,
気分が悪い,きぶんがわるい,not feeling well,false,
知事,ちじ,governor,false,
丘,おか,hill,false,
営業時間,えいぎょうじかん,business hours,false,
現代,げんだい,nowadays; modern times,false,
省く,はぶく,to omit; to exclude,false,
軍隊,ぐんたい,armed forces; military,false,
合格,ごうかく,success; passing (e.g. exam),false,
営業部,えいぎょうぶ,sales department,false,
入会金,にゅうかいきん,initial membership fee,false,
およそ,およそ,about; roughly; approximately,false,
増加,ぞうか,increase; growth,true,2024-11-07
味方,みかた,friend; ally; supporter,false,
我々,われわれ,we,false,
現象,げんしょう,phenomenon,false,
鳴き声,なきごえ,animal cry; roar; chirp; tweet,false,
男の人,おとこのひと,man,false,
あせる,あせる,to be in a hurry; to be flustered,false,
頂きます,いただきます,expression of gratitude before meals,false,
報告書,ほうこくしょ,(written) report,true,2024-11-11
袖,そで,sleeve,false,
万一,まんいち,emergency; unlikely event | by some chance,false,
出身,しゅっしん,person's origin (e.g. city/country/parentage/school),false,
スズメバチ,すずめばち,wasp,false,
制度,せいど,system; institution,false,
そこで,そこで,so; accordingly,false,
体育,たいいく,physical education,false,
板,いた,board; plank,false,
消防,しょうぼう,fire fighting,false,
あっという間に,あっというまに,just like that; before you know it,false,
傾向,けいこう,tendency; inclination,true,2024-11-09
苦労,くろう,hardship; labour; toil,true,2024-11-07
受け取る,うけとる,to accept; to receive,true,2024-11-09
ボウリング,ボウリング,bowling,false,
学者,がくしゃ,scholar,false,
避ける,さける,to avoid,false,
穀物,こくもつ,grain; cereal,false,
ゴールを決める,コールをきめる,to score a goal,false,
グラス,グラス,glass (drinking vessel),false,
向かい,むかい,facing; across the street,true,2024-11-09
感情,かんじょう,emotion; feelings,true,2024-11-06
一気に,いっきに,all at once; in one gulp,false,
ニーズ,ニーズ,needs,false,
冷凍庫,れいとうこ,freezer,true,2024-11-06
奇妙,きみょう,strange; curious,false,
生地,きじ,cloth; fabric; material,false,
信号,しんごう,traffic signal,true,2024-11-05
ミス,ミス,mistake,false,
年間,ねんかん,(period of) a year,false,
まさに,まさに,exactly; certainly | right then; just then,false,
少女,しょうじょ,maiden; young lady,false,
許す,ゆるす,to permit; to allow; to forgive,false,
ベンチ,ベンチ,bench,false,
～軒,～けん,counter for houses,false,
地下,ちか,basement; cellar,false,
極,きょく,extreme; zenith; pole,false,
降ろす,おろす,to take down; to lower; to unload,false,
お相撲さん,おすもうさん,sumowrestler,false,
メモ,メモ,memo,false,
のんびり,のんびり,carefree; at leisure,false,
係,かかり,person in charge; clerk,true,2024-11-05
郵便,ゆうびん,postal service; mail,false,
そっと,そっと,quietly; secretly; stealthily,false,
不思議,ふしぎ,wonder; miracle; strange,false,
そば,そば,beside; near,false,
世間,せけん,society; people,false,
決定,けってい,decision,true,2024-11-12
取引先,とりひきさき,customer; client,true,2024-11-09
会員,かいいん,member; the membership,false,
むしろ,むしろ,rather; better; instead,false,
理論,りろん,theory,false,
故郷,こきょう、ふるさと,home town; birthplace,false,
今後,こんご,from now on,false,
ワンルーム,ワンルーム,one-room (apartment),false,
うなぎ,うなぎ,eel,false,
夫人,ふじん,(hon) wife; Mrs,true,2024-11-11
ママ,ママ,mama; mother,false,
立ち上がる,たちあがる,to stand up; to get up; to take action,false,
追い付く,おいつく,to catch up (with); to draw level; to get to even,true,2024-11-05
がっかり,がっかり,be disappointed; dejected; feel let down,false,
平日,へいじつ,weekday,false,
意識,いしき,consciousness; awareness,false,
冷静,れいせい,calmness; composure,true,2024-11-06
無視,むし,disregarding; ignoring,false,
画像,がぞう,image; picture,false,
端,はし,end (e.g. of street); tip; edge,false,
話し合い,はなしあい,discussion,false,
範囲,はんい,extent; scope,false,
ウイルス,ウイルス,virus,false,
一度に,いちどに,all at once,false,
住宅,じゅうたく,residence; housing,false,
欠ける,かける,to be chipped; to be broken | to be lacking; to be insufficient,false,
満ちる,みちる,to be full; to mature; to expire,false,
言わば,いわば,so to speak; so to call it,false,
何で,なんで,why,false,
なぜなら,なぜなら,because; the reason is,false,
感じ,かんじ,feeling; sense,false,
招く,まねく,to invite,false,
気味,きみ,sensation; feeling,false,
局,きょく,bureau; department,false,
腹が立つ,はらがたつ,to be angry,false,
欠点,けってん,defect; flaw; weak point,false,
回復,かいふく,restoration; return,false,
離す,はなす,to separate; to part; to let go,false,
体温,たいおん,body temperature,false,
屋根,やね,roof,false,
松,まつ,pine tree,false,
酔う,よう,to become intoxicated; to feel sick (from movement in e.g. a boat/car),false,
スピーチ,スピーチ,speech,false,
おめでとう,おめでとう,congratulations!,false,
実は,じつは,as a matter of fact; frankly,true,2024-11-13
濃い,こい,deep; strong (flavour/smell/etc.); thick (consistency),false,
辞める,やめる,to resign; to leave (one's job/etc.),false,
土,つち,soil; dirt; mud,false,
試す,ためす,to test; to try out,false,
食欲,しょくよく,appetite (for food),true,2024-11-12
注ぐ,そそぐ,to pour (into a container); to water (e.g. plants) | to flow into (e.g. a river),false,
方々,かたがた,(hon) they; you (plural people),false,
もしも,もしも,if,false,
センター,センター,center,false,
連れ,つれ,companion,false,
握手,あくしゅ,handshake,false,
図,ず,drawing; picture; diagram; figure,false,
休憩,きゅうけい,rest; break,false,
雇う,やとう,to employ; to hire,false,
ファイル,ファイル,file,false,
覚悟,かくご,readiness; preparedness,false,
ごめんなさい,ごめんなさい,I'm sorry; excuse me,false,
レンタル,レンタル,rental,false,
天候,てんこう,weather,false,
オリンピック,オリンピック,Olympics,false,
諦める,あきらめる,to give up,false,
あこがれる,あこがれる,to long for,false,
一時的,いちじてき,temporary,false,
墓,はか,gravesite; tomb,false,
横切る,よこぎる,to cross (e.g. road),false,
演技,えんぎ,acting; performance,false,
悪魔,あくま,devil; demon,false,
できれば,できれば,if at all possible,false,
ダイエット,ダイエット,diet,false,
移す,うつす,to change; to substitute; to transfer,false,
書類,しょるい,documents; official papers,false,
騒音,そうおん,noise,false,
翌日,よくじつ,next day,false,
後悔,こうかい,regret; remorse,false,
抜く,ぬく,to extract; to omit,false,
ジーンズ,ジーンズ,jeans,false,
エビ,えび,shrimp,false,
境,さかい,border; boundary,false,
支配,しはい,domination; control; direction; management,false,
例年,れいねん,ordinay year,true,2024-11-12
トンネル,トンネル,tunnel,false,
骨,ほね,bone,false,
例,れい,example,false,
グラウンド,グラウンド,sports ground,false,
予測,よそく,estimation,true,2024-11-04
更に,さらに,furthermore; moreover,false,
要素,ようそ,component; factor; item,false,
芝生,しばふ,lawn,false,
作物,さくもつ,crops,false,
伺う,うかがう,(hum) to ask; to inquire | (hum) to visit,false,
読書,どくしょ,reading (as a hobby),false,
翼,つばさ,wing,false,
下す（おろす）,おろす,to lower,false,
肩,かた,shoulder,false,
望み,のぞみ,wish; desire,false,
ノック,ノック,knock (on a door),false,
ケース,ケース,case,false,
いとこ,いとこ,cousin,false,
人間,にんげん,human being; person,false,
処理,しょり,processing; disposal,false,
愛情,あいじょう,love; affection,false,
優れる,すぐれる,to surpass; to excel,false,
穴,あな,hole,false,
意志,いし,will; volition,false,
涙,なみだ,tears,false,
大会,たいかい,convention; tournament,false,
知り合い,しりあい,acquaintance,false,
作業,さぎょう,work; operation; manufacturing,false,
被害,ひがい,damage; injury,false,
そっくり,そっくり,all; altogether | exactly like; just like,false,
願い,ねがい,request; desire,false,
大気,たいき,atmosphere,false,
おば,おば,aunty,false,
流れ,ながれ,current; flow | course of events,true,2024-11-11
小包,こづつみ,(small) parcel; package,false,
効果,こうか,effect; efficacy,true,2024-11-11
切れ,きれ,piece; slice,false,
依頼,いらい,request; commission,false,
全国,ぜんこく,nationwide,true,2024-11-06
～際（さい）,～さい,on the occasion of ～,false,
髪の毛,かみのけ,hair (head),false,
単位,たんい,unit; denomination,true,2024-11-08
労働,ろうどう,labor; work,true,2024-11-07
発行,はっこう,publication; issue,false,
燃える,もえる,to burn,false,
声をかける,こえをかける,to call someone,false,
地球上,ちきゅうじょう,on the earth,false,
背が伸びる,せがのびる,to grow (height),false,
台,だい,stand; rack,false,
幸運,こううん,good luck,false,
皮,かわ,skin; hide; fur,false,
柄,がら,pattern; design,false,
育つ,そだつ,to be raised; to be brought up,false,
会合,かいごう,assembly; gathering,false,
腐る,くさる,to spoil; to go bad,false,
爆発,ばくはつ,explosion; detonation,false,
奪う,うばう,to snatch away; to steal,false,
便り,たより,news; tidings; letter,false,
コメディー,コメディー,comedy,true,2024-11-11
起き上がる,おきあがる,to rise; to get up,false,
価格,かかく,price; value,false,
ケチ,けち,stingy; miser,false,
不正,ふせい,injustice; unfairness,false,
こしょう,こしょう,pepper,false,
チームワーク,チームワーク,teamwork,false,
物語,ものがたり,tale; story,false,
少々,しょうしょう,just a minute; small quantity,false,
秘密,ひみつ,secret,false,
経験者,けいけんしゃ,experienced person,false,
再び,ふたたび,again; a second time,true,2024-11-11
しばしば,しばしば,often; repeatedly,false,
身,み,body; oneself,false,
植物,しょくぶつ,plant; vegetation,false,
一人一人,ひとりひとり,one by one; one at a time,false,
個人,こじん,individual; personal,false,
筆,ふで,writing brush,false,
発明,はつめい,invention; becoming clear,false,
馬,うま,horse,false,
嵐,あらし,storm; tempest,false,
お詫び,おわび,apology,false,
数える,かぞえる,to count,false,
示す,しめす,toshow; to demonstrate,false,
豊か,ゆたか,abundant; pentiful,false,
骨折,こっせつ,broken bone,false,
共通,きょうつう,common; shared,false,
腹,はら,stomach,false,
心理,しんり,state of mind; psychology,false,
限界,げんかい,limit,false,
寄付,きふ,donation,true,2024-11-05
家事,かじ,housework; chores,false,
観察,かんさつ,observation,true,2024-11-13
列,れつ,row; line; column,false,
医療,いりょう,medical treatment,false,
笑顔,えがお,smiling face; smile,false,
他人,たにん,another person; others,true,2024-11-04
母親,ははおや,mother,false,
触れる,ふれる,to touch; to touch on a subject; to come in contact with,false,
働き,はたらき,work; labor,false,
かわいそう,かわいそう,pathetic; pitiful,false,
信念,しんねん,belief; faith,true,2024-11-05
至る,いたる,to arrive at; to reach; to come; to result in,false,
俳優,はいゆう,actor,false,
決心,けっしん,decision; resolution,false,
誇り,ほこり,pride,false,
渋滞,じゅうたい,congestion (e.g. traffic); stagnation,false,
ランニング,ランニング,running,false,
チーム,チーム,team,false,
期待,きたい,expectation; anticipation,false,
パリ,パリ,Paris,false,
粗い,あらい,coarse; rough,false,
未来,みらい,the future,false,
セット,セット,set; set meal,false,
せいぜい,せいぜい,at the most; at best,false,
昨年,さくねん,last year,false,
ディスカッション,ディスカッション,discussion,false,
親戚,しんせき,relative; kin,false,
火災,かさい,conflagration; fire,false,
ふと,ふと,suddenly; casually; accidentally,false,
あんなに,あんなに,to that extent,false,
気候,きこう,climate,false,
カット,カット,cut; haircut; shuffle (cards),false,
苦しい,くるしい,difficult; agonizing; painful,false,
修理,しゅうり,repair,false,
トランプ,トランプ,playing cards,false,
態度,たいど,attitude,false,
この辺り,このあたり,this area; around here,false,
アイスクリーム,アイスクリーム,ice cream,false,
場面,ばめん,scene; setting (e.g. of novel),false,
株,かぶ,stock; stump; stock (share of a company),false,
長期的,ちょうきてき,long-term,false,
式,しき,equation; formula,false,
座席,ざせき,seat,false,
除く,のぞく,to remove; to eliminate; to exclude,false,
両替,りょうがえ,money exchange,true,2024-11-04
すなわち,すなわち,that is; i.e.,false,
集中,しゅうちゅう,concentration,false,
快適,かいてき,pleasant; comfortable,false,
操作,そうさ,operation; management,false,
かゆい,かゆい,itchy,false,
ドラマ,ドラマ,(TV) drama,false,
卒業論文,そつぎょうろんぶん,graduation thesis,false,
請求,せいきゅう,billing (for a service); claim,false,
きつい,きつい,intense; severe; hard,false,
飛ばす,とばす,to fly; to fire; to launch; to omit; to skip over,false,
スター,スター,star (celestial); celebrity; idol,false,
助手,じょしゅ,assistant; helper,true,2024-11-07
息が切れる,いきがきれる,to be out of breath,false,
量,りょう,quantity; volume,false,
手品,てじな,sleight of hand,false,
あらゆる,あらゆる,all; every,false,
別れ,わかれ,parting; separation,false,
値上がり,ねあがり,price increase,false,
宿泊,しゅくはく,lodging,true,2024-11-13
クラシック音楽,クラシックおんがく,classical music,false,
泥,どろ,mud; slush,false,
賞,しょう,prize; award,false,
本人,ほんにん,the person themselves,false,
監督,かんとく,supervision; direction | coach; manager; director,false,
星占い,ほしうらない,astrology; horoscope,false,
女子,じょし,girl,false,
隠れる,かくれる,to be hidden,false,
やる気が出る,やるきがでる,to become motivated,false,
アレルギー,アレルギー,allergy,false,
夜中,よなか,middle of the night,false,
表現,ひょうげん,expression; notation,false,
吸収,きゅうしゅう,absorption,false,
アニメ,アニメ,animated film; animated cartoon,false,
縁,ふち,edge; rim,false,
支払い,しはらい,payment,false,
助ける,たすける,to save; to rescue; to aid,true,2024-11-07
海外,かいがい,foreign; overseas,false,
万が一,まんがいち,in the unlikely event; in the worst case,false,
年月,としつき、ねんげつ,months and years,false,
明確,めいかく,precise; definite,false,
衝突,しょうとつ,collision; crash | conflict,false,
支払う,しはらう,to pay,false,
カロリー,カロリー,calorie,false,
電気自動車,えんきじどうしゃ,electric car; electric vehicle,false,
主義,しゅぎ,doctrine; rule,false,
語,ご,language,false,
人数,にんずう,number of people,false,
稼ぐ,かせぐ,to earn (income); to make (money),false,
笛,ふえ,flute; pipe,false,
平和,へいわ,peace; harmony,false,
増す,ます,to increase; to grow,false,
小屋,こや,hut; cabin; shed,false,
調子が悪い,ちょうしがわるい,feeling sick,false,
朝寝坊,あさねぼう,oversleeping,true,2024-11-11
楽,らく,comfort; ease,false,
裁判,さいばん,trial; judgement,false,
指導員,しどういん,instructor,false,
末（まつ）,まつ,the end of,false,
偶然,ぐうぜん,coincidence,false,
アドバイス,アドバイス,advice,false,
キャンセル,キャンセル,cancel,false,
疲れ,つかれ,tiredness; fatigue,false,
孫,まご,grandchild,false,
青年,せいねん,youth,false,
髪型,かみがた,hair style,false,
哲学,てつがく,philosophy,false,
共同,きょうどう,co-operation; collaboration,false,
コード,コード,code; cord; chord,false,
おじ,おじ,uncle,false,
単に,たんに,simply; merely,true,2024-11-08
引退,いんたい,retirement,false,
末（すえ）,すえ,tip; end,false,
虎,とら,tiger,false,
適度,てきど,proper amount; suitable,false,
料理屋,りょうりや,restaurant,false,
熱帯,ねったい,tropics,false,
誕生,たんじょう,birth; creation; formation,false,
訴える,うったえる,to raise; to bring to (someone's attention),false,
責任,せきにん,responsibility,false,
尊重,そんちょう,respect; regard,false,
勘,かん,intuition,false,
議長,ぎちょう,chairman; speaker (e.g. of assembly),false,
物質,ぶっしつ,material; substance; matter,false,
自慢,じまん,boast,false,
稲,いね,rice plant,false,
羽,はね,feather,false,
資源,しげん,resources,false,
いわゆる,いわゆる,the so-called,false,
金属,きんぞく,metal,false,
取れる,とれる,to come off; to be removed,true,2024-11-09
質,しつ,quality; value,false,
硬貨,こうか,coin; hard currency,false,
言語,げんご,language,false,
制限,せいげん,restriction; limit,false,
当たる,あたる,to be hit; to strike; to be selected; to win,false,
老い,おい,old age; old person,false,
賢い,かしこい,clever; smart,false,
清潔,せいけつ,clean; sanitary,false,
目標,もくひょう,objective; target,false,
迎え,むかえ,meeting; greeting,false,
粉,こな,flour; powder,false,
かなり,かなり,considerably; fairly; quite,false,
重大,じゅうだい,serious; important,false,
便,びん,flight (e.g. airline flight),false,
分ける,わける,to divide; to split,true,2024-11-12
伝統,でんとう,tradition; convention,true,2024-11-05
ハム,ハム,ham,false,
疑問,ぎもん,question; doubt; problem,false,
スケート,スケート,skating; skates,false,
子育て,こそだて,raising a child,false,
悲劇,ひげき,tragedy; disaster,false,
表情,ひょうじょう,facial expression,false,
正社員,せいしゃいん,full-time employee,false,
信頼関係,しんらいかんけい,trusting relationship,true,2024-11-05
精神,せいしん,mind; soul; heart; spirit,false,
喜び,よろこび,joy; delight,false,
防ぐ,ふせぐ,to defend against; to prevent; to avoid,false,
若者,わかもの,young person,false,
愉快,ゆかい,pleasant; delightfu,false,
思わず,おもわず,reflexively; instinctively,false,
付き合い,つきあい,association; socializing,true,2024-11-05
津波,つなみ,tidal wave,false,
新た,あらた,new; novel,false,
戦い,たたかい,battle; conflict,false,
代金,だいきん,cost; charge; bill; fee,false,
提案,ていあん,proposal,false,
攻撃,こうげき,attack; strike; offensive,false,
和菓子,わがし,Japanese sweets,false,
銅貨,どうか,copper coin,false,
賛成,さんせい,approval; agreement; support,false,
利益,りえき,profit; gains,true,2024-11-07
せき,せき,cough,false,
スタイル,スタイル,figure; style,false,
球,きゅう,sphere; (baseball) counter for balls,false,
砂漠,さばく,desert,false,
情報,じょうほう,information; news; data,false,
主に,おもに,mainly,false,
～のおかげ,～のおかげ,due to ～ (positive meaning),false,
一種,いっしゅ,species; kind,false,
子犬,こいぬ,puppy,false,
哀れ,あわれ,pity; sorrow,false,
地方,ちほう,district; region | countryside; rural area,false,
予報,よほう,forecast; prediction,true,2024-11-04
加減,かげん,adjustment; add and subtract,true,2024-11-07
ゲーム,ゲーム,game,false,
ざっと,ざっと,roughly; approximately,false,
いずれ,いずれ,anyway; anyhow | at some future date or time,false,
判断,はんだん,judgement; decision,false,
周囲,しゅうい,surroundings,false,
級,きゅう,class; grade; rank,false,
恐怖,きょうふ,fear; dread,false,
宝石,ほうせき,gem; jewel,false,
岩,いわ,rock; boulder,false,
自信がつく,じしんがつく,to gain confidence,true,2024-11-05
想像,そうぞう,imagination; guess,false,
刈る,かる,to cut; to mow; to prune,false,
援助,えんじょ,aid; support,true,2024-11-07
恋,こい,(romantic) love,false,
上京,じょうきょう,going to the capital (Tokyo),false,
入金,にゅうきん,deposit; payment,false,
通行,つうこう,passage (of people/traffic),false,
中身,なかみ,contents; interior,false,
スープ,スープ,soup,false,
収入,しゅうにゅう,income; revenue,false,
サンタクロース,サンタクロース,Santa Claus,false,
絶対,ぜったい,absolutely; unconditionally,true,2024-11-13
参加者,さんかしゃ,participant,true,2024-11-08
やや,やや,a little; partially; slightly,false,
中止,ちゅうし,suspension; interruption,false,
親しい,したしい,close; familiar; intimate,false,
備える,そなえる,to furnish with; to equip with,false,
成功,せいこう,success,false,
引用,いんよう,quotation; reference,false,
納得,なっとく,consent; agreement,false,
表す,あらわす,to represent; to signify; to show; to display,false,
持ち上げる,もちあげる,to raise; to lift up,false,
空き,あき,vacancy; opening,false,
克服,こくふく,overcoming (of a difficulty/illness/handicap/etc.); victory over,false,
困難,こんなん,difficulty; hardship,false,
叩く,たたく,to strike; to clap; to beat; to tap,false,
辺り,あたり,neighborhood; vicinity; nearby,false,
ウイスキー,ウイスキー,whisky; whiskey,false,
さっぱり,さっぱり,feeling refreshed | completely; entirely,false,
論じる,ろんじる,to discuss; to deal with (a topic); to dispute,false,
保険証,ほけんしょう,insurance card,false,
いつまでも,いつまでも,forever; as long as one likes; indefinitely,false,
輝く,かがやく,to shine; to glitter; to sparkle,false,
以前,いぜん,since; before; previous,false,
当てる,あてる,to hit; to put on; to expose,false,
神経,しんけい,nerve (medical),false,
オープン,オープン,open,false,
ヒット,ヒット,hit,false,
刀,かたな,sword; katana,false,
注文,ちゅうもん,order; request,false,
どんなに,どんなに,how; how much,false,
小麦,こむぎ,wheat,false,
土曜,どよう,Saturday,false,
活動,かつどう,activity,false,
雷,かみなり,lightning; thunder,false,
バイオリン,バイオリン,violin,false,
笑い,わらい,laughter; smile,false,
気付く,きづく,to notice; to become aware of,true,2024-11-05
技師,ぎし,technician; engineer,false,
離れる,はなれる,to be separated; to go away; to leave,false,
日中,にっちゅう,daytime; during the day,false,
不便をかける,ふべんをかける,to cause inconvenience,false,
祝う,いわう,to congratulate,false,
積もる,つもる,to pile up; to accumulate,false,
インク,インク,ink,false,
地域,ちいき,area; region,false,
推薦,すいせん,recommendation; endorsement,false,
許可,きょか,permission; approval,false,
手伝い,てつだい,help,true,2024-11-05
比較,ひかく,comparison,false,
道徳,どうとく,morals,false,
不健康,ふけんこう,unhealthy,false,
訓練,くんれん,training; drill,false,
大半,たいはん,majority; more than half,false,
缶,かん,can; tin,false,
しわ,しわ,wrinkle,false,
一言,ひとこと,single word; brief comment,false,
単語,たんご,word; vocabulary,true,2024-11-08
雰囲気,ふんいき,mood; ambience; atmosphere,false,
事実,じじつ,fact; reality,true,2024-11-13
緊張,きんちょう,nervousness; stress,false,
教師,きょうし,teacher (in school/classroom),false,
宝くじ,たからくじ,lottery | lottery ticket,false,
～課,～か,counter for chapters in a book,false,
親しむ,したしむ,to be close with; to befriend,false,
衛星,えいせい,satellite,false,
欠席,けっせき,absence; non-attendance,false,
何とか,なんとか,somehow; anyhow,false,
引っ張る,ひっぱる,to pull out; to draw out,false,
カード,カード,card,false,
届く,とどく,to be delivered,false,
微笑む,ほほえむ,to smile,false,
事,こと,thing; matter,false,
理解,りかい,understanding; comprehension,false,
意思,いし,intention; wish,false,
丸,まる,circle,false,
作品,さくひん,work; production (book/film/etc.),false,
真似,まね,imitating; copying,false,
罪,つみ,crime; sin,false,
譲る,ゆずる,to turn over; to yield,false,
率,りつ,ratio; proportion; percentage,false,
収める,おさめる,to make an offering; to finish; to achieve (e.g. a result),false,
同僚,どうりょう,coworker; colleague,false,
通過,つうか,passing through (e.g. train skipping a station); passing by,false,
メリット,メリット,merit,false,
セール,セール,sale,false,
半ば,なかば,middle; halfway; partly,false,
成人式,せいじんしき,coming-of-age ceremony,false,
グレー,グレー,grey,false,
つらい,つらい,painful; heart-breaking,false,
キャンプ,キャンプ,camp,false,
実施,じっし,enforcement; implementation,true,2024-11-13
上司,じょうし,superior; boss,false,
新入社員,しんにゅうしゃいん,new employee,false,
人混み,ひとごみ,a crowd of people,false,
月曜,げつよう,Monday,false,
ホームページ,ホームページ,homepage,false,
これら,これら,these,false,
芝居,しばい,play; drama,false,
調査,ちょうさ,survey,false,
共に,ともに,jointly; at the same time,false,
ヨット,ヨット,yacht,false,
年末,ねんまつ,end of the year,false,
去る,さる,to leave; to go away,false,
長期,ちょうき,long-term,false,
記事,きじ,article; news story,false,
占める,しめる,to occupy; to hold; to comprise; to make up,false,
通信,つうしん,correspondence; communication; transmission; signal,true,2024-11-05
任せる,まかせる,to entrust (e.g. a task) to another; to leave to,false,
女王,じょおう,queen,false,
神様,かみさま,god; deity,false,
国会,こっかい,National Diet,false,
段,だん,step; stair; rank; level,false,
演奏,えんそう,(musical) performance,false,
金庫,きんこ,safe; strongbox,false,
他社,たしゃ,another company,true,2024-11-04
割る,わる,to divide; to split; to break,false,
歩道,ほどう,walkway; sidewalk,false,
就職,しゅうしょく,finding employment,false,
抱く,いだく、だく,to embrace; to hug,false,
姿,すがた,figure; form,false,
～最中,～さいちゅう,in the middle of ～,false,
政府,せいふ,government,false,
繋ぐ,つなぐ,to connect; to link together,false,
掲示,けいじ,notice; bulletin,false,
平均,へいきん,average; mean; balance; equilibrium,false,
やがて,やがて,before long; soon | finally; in the end,false,
ピアス,ピアス,earrings,false,
ブレーキ,ブレーキ,brake,false,
報告,ほうこく,report; information,true,2024-11-11
キュウリ,キュウリ,cucumber,false,
財産,ざいさん,property; assets,false,
泉,いずみ,spring; fountain,false,
一層,いっそう,much more; all the more,false,
拍手,はくしゅ,applause,false,
徐々に,じょじょに,steadily; little by little,false,
無駄,むだ,uselessness; pointlessness,false,
結論,けつろん,conclusion,false,
具体的,ぐたいてき,concrete,false,
最終,さいしゅう,last; final,false,
リットル,リットル,litre,false,
残業,ざんぎょう,overtime (work),false,
支える,ささえる,to support; to hold up,false,
はと,はと,pigeon,false,
存在,そんざい,existence; being,false,
時給,じきゅう,hourly wage,false,
豊富,ほうふ,abundance; wealth,false,
水曜,すいよう,Wednesday,false,
作法,さほう,manners; etiquette,false,
問い,とい,question,false,
デート,デート,date,false,
油,あぶら,oil,false,
必死,ひっし,frantic; desperate,false,
国境,こっきょう,national border,false,
知識,ちしき,knowledge,false,
すみません,すみません,excuse me; I'm sorry,false,
しまった,しまった,damn it!; oops!,false,
信じる,しんじる,to believe; to place trust in,true,2024-11-05
昼食,ちゅうしょく,lunch,false,
盛り,さかり,height (e.g. of summer); prime (of one's life),false,
一方,いっぽう,one side (of two); one way,false,
商店街,しょうてんがい,shopping area; shopping arcade,true,2024-11-11
維持,いじ,maintenance; preservation,true,2024-11-08
列車,れっしゃ,train,false,
相当,そうとう,considerably; rather; quite,false,
画面,がめん,screen; picture,false,
礼儀,れいぎ,manners; etiquette,false,
費用,ひよう,cost; expense,false,
ジュース,ジュース,juice,false,
事情,じじょう,circumstances,false,
地位,ちい,position; status,true,2024-11-05
ほこり,ほこり,dust,false,
近づく,ちかづく,to approach; to draw near,false,
テーマ,テーマ,theme,false,
専攻,せんこう,major (in school or study); specialty,false,
～途端,～とたん,just as; at the moment of,false,
スタンド,スタンド,stands; bleachers; stand (e.g. lemonade stand),true,2024-11-12
電子,でんし,electronic,false,
現在,げんざい,current; present time,false,
幸福,こうふく,happiness; well-being,false,
不幸,ふこう,misfortune,false,
延期,えんき,postponement; deferment,false,
～行き,～ゆき,bound for ～,false,
構成,こうせい,organization; configuration,false,
教授,きょうじゅ,professor,false,
住民,じゅうみん,inhabitant; resident,false,
動詞,どうし,verb,false,
供給,きょうきゅう,supply; provision,false,
パーセント,パーセント,percent,true,2024-11-11
システム,システム,system,false,
代表,だいひょう,representative,false,
かご,かご,basket (shopping/etc.); hamper; case,false,
価値,かち,value; worth,false,
注目,ちゅうもく,notice; attention,false,
老人,ろうじん,old person,false,
平等,びょうどう,impartiality; evenness,false,
きちんと,きちんと,properly; accurately,false,
素敵,すてき,fantastic; superb,false,
努力,どりょく,effort; exertion; hard work,true,2024-11-06
劇場,げきじょう,theatre; playhouse,false,
宗教,しゅうきょう,religion,false,
結果,けっか,result; consequence; outcome,false,
旧～,きゅう～,ex-; former-; old-,false,
典型,てんけい,model; archetypal; representative,false,
友情,ゆうじょう,friendship; camaraderie,false,
ぼんやり,ぼんやり,absentmindedly; vacantly,false,
弁護士,べんごし,lawyer; attorney,false,
飼う,かう,to have (a pet or other animal),false,
取り直す,とりなおす,to re-obtain,true,2024-11-09
さらに,さらに,furthermore; moreover,false,
グローバル,グローバル,global,false,
証明,しょうめい,proof; verification; certification,false,
ドライブ,ドライブ,drive; trip by car,false,
進歩,しんぽ,progress; improvement,false,
役立つ,やくだつ,to be useful,false,
お祭,おまつり,festival,false,
音楽家,おんがくか,musician,false,
得る,える,to get; to obtain; to win,false,
～率,～りつ,～ rate; portion of ～,false,
まさか,まさか,(uk) by no means; never!; something unexpected,false,
たまたま,たまたま,casually; unexpectedly,false,
沖,おき,open sea,false,
文句,もんく,complaint,false,
動かす,うごかす,to move; to shift,false,
食糧,しょくりょう,provisions; food supply,false,
保存,ほぞん,saving; storage; maintenance,false,
昨晩,さくばん,last night,false,
選択,せんたく,selection; choice,false,
話し合う,はなしあう,to discuss; to talk together,false,
組織,そしき,organization; structure,false,
面（めん）,めん,face; mask,false,
嫌な,いやな,unpleasant,false,
日常,にちじょう,ordinary; usual; regular,false,
ワイン,ワイン,wine,false,
強調,きょうちょう,emphasis; highlight,false,
批評,ひひょう,criticism; review,false,
それとも,それとも,or; or else,false,
保つ,たもつ,to keep; to preserve | to last; to endure,false,
機能,きのう,function; feature,false,
勇気,ゆうき,courage; bravery,false,
作家,さっか,author,false,
ダイヤ,ダイヤ,diamond,false,
フィンランド,フィンランド,Finland,false,
中心,ちゅうしん,center; middle; core,false,
常識,じょうしき,common sense,false,
物理,ぶつり,physics,false,
記者,きしゃ,reporter,false,
人類,じんるい,mankind; humanity,false,
位置,いち,place; position,true,2024-11-05
伸びる,のびる,to stretch; to extend; to grow,false,
選手,せんしゅ,player; team member,false,
利用者,りようしゃ,user; consumer,true,2024-11-07
修正,しゅうせい,amendment; correction; revision,false,
逆らう,さからう,to oppose; to defy,false,
オフィス,オフィス,office,false,
述べる,のべる,to state; to mention,false,
以来,いらい,henceforth,false,
生まれ,うまれ,birth; birthplace,false,
騒ぎ,さわぎ,uproar,false,
又,また,again; and; also,false,
くやしい,くやしい,frustrating; regrettable,false,
様々,さまざま,various,false,
縄,なわ,rope; cord,false,
公平,こうへい,fairness; impartiality,false,
女優,じょゆう,actress,false,
餌,えさ,feed; pet food; bait,false,
破る,やぶる,to tear; to break; to destroy,false,
強盗,ごうとう,mugger; burgler,false,
記憶,きおく,memory; recollection,false,
余分,よぶん,extra; excess,false,
議会,ぎかい,congress; legislative assembly,false,
陽気,ようき,cheerful; lively,false,
有能,ゆうのう,able; capable,false,
著者,ちょしゃ,author; writer,false,
力を合わせる,ちからをあわせる,to combine efforts,false,
風景,ふうけい,scenery,false,
噂,うわさ,rumour; gossip,false,
追う,おう,to chase; to pursue; to follow,false,
しっぽ,しっぽ,tail,false,
合計,ごうけい,total amount,false,
委員,いいん,committee member,false,
サプリ,サプリ,supplement (drug/medicine),false,
小麦粉,こむぎこ,wheat flour,false,
差,さ,difference; variation,false,
乗客,じょうきゃく,passenger,true,2024-11-13
感心,かんしん,admiration; being impressed,false,
グループ,グループ,group,false,
体を壊す,からだをこわす,to hurt one's health,false,
活気,かっき,energy; liveliness,false,
納豆,なっとう,natto (fermented soybeans),false,
市場（しじょう）,しじょう,(the) market (as a concept),false,
洗濯物,せんたくもの,laundry,false,
投票,とうひょう,voting,false,
愛する,あいする,to love,false,
論争,ろんそう,dispute; controversy,true,2024-11-04
レシピ,レシピ,recipe,false,
世紀,せいき,century; era,false,
祝い,いわい,congratulations,false,
平ら,たいら,flatness; level,false,
用いる,もちいる,to use; to utilize,false,
役,やく,use; service; role,false,
穏やか,おだやか,calm; quiet,false,
目的,もくてき,goal; objective,false,
ボール,ボール,ball,false,
バランス,バランス,balance,false,
敬意,けいい,respect; honor,false,
影,かげ,shadow; silhouette,false,
欠陥,けっかん,defect; deficiency; shortage,false,
あんまり,あんまり,not very; not much | surplus; excess,false,
霜,しも,frost,false,
真夏,まなつ,midsummer,false,
要点,ようてん,gist; main point,false,
革,かわ,leather,false,
写真家,しゃしんか,photographer,false,
金融,きんゆう,finance; financing,false,
日曜,にちよう,Sunday,false,
入場,にゅうじょう,entrance; admission,false,
ビール,ビール,beer,false,
出席率,しゅっせきりつ,attendance rate,false,
応じる,おうじる,to satisfy; to accept; to comply with,false,
遂に,ついに,finally; in the end,false,
サポート,サポート,support,false,
計る,はかる,to measure; to weigh,false,
眺める,ながめる,to gaze at,false,
名,な,name (first); given name,false,
逮捕,たいほ,arrest; capture,false,
退屈,たいくつ,tedium; boredom; dullness,false,
食卓,しょくたく,dining table,false,
健康,けんこう,health,false,
管理,かんり,control; management (e.g. of a business),false,
宝,たから,treasure,false,
略,りゃく,abbreviation; omission,false,
性格,せいかく,character; personality,false,
何か,なにか,something,false,
下り,くだり,train going away from Tokyo,false,
現実,げんじつ,reality; actuality,true,2024-11-13
包み,つつみ,bundle; package,false,
お知らせ,おしらせ,news; notification,false,
化粧品,けしょうひん,cosmetics,true,2024-11-08
関連,かんれん,relation; connection,false,
ベランダ,ベランダ,veranda; balcony,false,
勤め,つとめ,service; business; responsibility,false,
プレゼンテーション,プレゼンテーション,presentation,false,
与える,あたえる,to give; to bestow,false,
時刻,じこく,time (shown on a clock),false,
障害,しょうがい,obstacle; handicap; disability,false,
及ぼす,およぼす,to exert; to cause,false,
トイレットペーパー,トイレットペーパー,toilet paper,false,
説明書,せつめいしょ,instructions; manual,true,2024-11-09
大使,たいし,ambassador,true,2024-11-12
生クリーム,なまクリーム,whipped cream,false,
カビ,カビ,mold,false,
誤解,ごかい,misunderstanding,false,
幼い,おさない,childish; immature,false,
おる,おる,(hum) to be; to exist; keigo version of いる,false,
ダンス,ダンス,dance,false,
こんなに,こんなに,like this; in this way,false,
決まり,きまり,settlement; conclusion; agreement,false,
サプリメント,サプリメント,supplement (drug/medicine),false,
独り,ひとり,one person; alone; solitary,false,
新婦,しんぷ,bride,false,
婚約,こんやく,engagement; betrothal,false,
トマト,トマト,tomato,false,
教科書,きょうかしょ,textbook; coursebook; schoolbook,false,
あるいは,あるいは,or; possibly,false,
不安,ふあん,anxiety; insecurity,false,
立場,たちば,standpoint; position,false,
回り,まわり,rotation,false,
記録,きろく,record; document,false,
黙る,だまる,to be silent; to say nothing,false,
原,はら,field; plain,true,2024-11-08
化粧,けしょう,makeup; cosmetics,true,2024-11-08
様子,ようす,state; situation; appearance,false,
専門家,せんもんか,specialist; professional; authority,false,
相手,あいて,compaion; partner; other party,false,
カフェ,カフェ,cafe; coffeehouse,false,
思い出,おもいで,memories; reminiscence,false,
合格者,合格者,person who passed,false,
平気,へいき,calmness; composure,false,
予算,よさん,estimate; budget,true,2024-11-04
章,しょう,chapter; section,false,
都市,とし,town; city,false,
速度,そくど,speed; velocity,false,
適する,てきする,to fit; to suit,false,
常に,つねに,always; constantly,false,
広がる,ひろがる,to spread (out); to extend,false,
微妙,びみょう,subtle; sensitive,false,
いつでも,いつでも,any time; whenever,false,
前者,ぜんしゃ,the former,false,
モデル,モデル,model,false,
サービス,サービス,service,false,
確認,かくにん,confirmation; verification,false,
迷子,まいご,lost child,false,
詩人,しじん,poet,false,
足元,あしもと,at one's feet,false,
軍,ぐん,army,false,
不平,ふへい,discontent; dissatisfaction,false,
記念,きねん,commemoration; memory,false,
したがって,したがって,therefore; consequently,false,
膝,ひざ,knee,false,
留学,りゅうがく,studying abroad,false,
ボウル,ボウル,bowl,false,
分析,ぶんせき,analysis,false,
蓋,ふた,cover; lid,false,
団体,だんたい,organization; association,false,
愛,あい,love,false,
瓶,びん,bottle; jar,false,
参加,さんか,participation,true,2024-11-08
何でも,なんでも,anything,false,
実際,じっさい,practicality; reality; actual,true,2024-11-08
サイン,サイン,autograph; signature,false,
抱える,かかえる,to hold or carry under or in the arms,false,
航空,こうくう,aviation; flying,false,
全て,すべて,everything; all; entirely; completely,true,2024-11-06
真剣,しんけん,serious; earnest,false,
正確,せいかく,accurate; correct; exact,false,
プライベート,プライベート,private,false,
流れる,ながれる,to flow (liquid/time/etc.); to be washed away; to be broadcast; to circulate,false,
スポーツクラブ,スポーツクラブ,sports club; sports gym,false,
禁煙,きんえん,No Smoking; quitting smoking,false,
断る,ことわる,to decline; to refuse,false,
成績,せいせき,results; grades,false,
読み,よみ,reading,false,
鍋,なべ,pot,false,
不可,ふか,not possible,false,
化学,かがく,chemistry,true,2024-11-08
勘定,かんじょう,calculation; computation; consideration,true,2024-11-12
解ける,とける,to be solved; to be untied,false,
韓国語,かんこくご,Korean language,false,
罹る（かかる）,かかる,to contract (a disease); to suffer from,false,
咳,せき,cough,false,
鎖,くさり,chain,false,
博物館,はくぶつかん,museum,false,
等しい,ひとしい,equal; similar,false,
回す,まわす,to turn; to rotate,false,
飛び出す,とびだす,to jump out; to rush out,false,
王子,おうじ,prince,false,
食物,しょくもつ,food; foodstuff,false,
札,さつ,paper money,false,
おそらく,おそらく,perhaps; likely; probably,false,
間違う,まちがう,to make a mistake; to be mistaken,false,
年代,ねんだい,age; era,false,
仲間,なかま,associate; comrade,false,
発表,はっぴょう,announcement; publication; presenting,false,
本気,ほんき,seriousness; earnestness,false,
ぐっすり,ぐっすり,fast asleep,false,
作曲,さっきょく,composition (of music),false,
感謝,かんしゃ,thanks; gratitude,false,
事務,じむ,office work,false,
豆,まめ,legume; bean,false,
生き物,いきもの,living thing,false,
認める,みとめる,to recognize; to approve; to allow,false,
設備,せつび,equipment; facilities,false,
県,けん,prefecture,false,
関する,かんする,to concern; to be related,false,
徹夜,てつや,all night; sleepless night,false,
嫁,よめ,(my) wife; bride,false,
ぐつぐつ,ぐつぐつ,simmering,false,
メンバー,メンバー,member,false,
犯罪,はんざい,crime; offence,false,
貢献,こうけん,contribution,false,
確実,かくじつ,certainty; reliability,true,2024-11-13
求める,もとめる,to want; to request; to seek,false,
怪我,けが,injury; hurt,false,
休暇,きゅうか,holiday; day off,false,
全員,ぜんいん,all members; everyone,true,2024-11-06
就く,つく,to be hired; to be employed,false,
波,なみ,wave,false,
同一,どういつ,identical; equal,false,
ロケット,ロケット,rocket,false,
定期,ていき,fixed period; fixed term,true,2024-11-12
日光,にっこう,sunlight,false,
お互い,おたがい,mutual; reciprocal,false,
安定,あんてい,stability; steadiness,true,2024-11-12
変化,へんか,change; transformation,true,2024-11-08
スタッフ,スタッフ,staff,false,
唯一,ゆいいつ,sole; unique,false,
対する,たいする,to face (each other); to confront; to oppose,true,2024-11-13
望む,のぞむ,to desire; to wish for,false,
画家,がか,painter,false,
ディナー,ディナー,dinner,false,
不要,ふよう,unnecessary,false,
人種,じんしゅ,race (of people),false,
配達,はいたつ,delivery; distribution,false,
にんじん,にんじん,carrot,false,
沈む,しずむ,to sink; to go under,false,
犯人,はんにん,criminal,false,
お茶会,おちゃかい,tea party,false,
豪華,ごうか,wonderful; extravagant; splendid,false,
トラック,トラック,truck,false,
目が覚める,めがさめる,to awaken,true,2024-11-09
通す,とおす,to let pass; to go through; to pass,false,
全く,まったく,entirely; completely,true,2024-11-06
魅力,みりょく,charm; attraction; appeal,false,
一時,いちじ,one time; a moment,false,
組む,くむ,to cross (legs or arms); to put together; to assemble,false,
主婦,しゅふ,housewife,false,
エンジン,エンジン,engine,false,
通り過ぎる,とおりすぎる,to go past; to pass by,false,
針,はり,needle; pin; stinger; thorn,false,
満開,まんかい,full bloom,false,
党,とう,party (political); faction,false,
必ずしも,かならずしも,not always; not necessarily,false,
評判,ひょうばん,reputation; popularity,false,
偉大,いだい,greatness,false,
仲が良い,なかがいい,be friendly with,false,
違い,ちがい,difference,false,
命令,めいれい,order; command,false,
印象,いんしょう,impression,false,
舞台,ぶたい,stage (theatre),false,
芸能人,げいのうじん,entertainer; celebrity,false,
正,せい,(logical) true; regular,false,
梅,うめ,Japanese apricot,false,
議員,ぎいん,member of the Diet,false,
いっせいに,いっせいに,simultaneously; all at once,false,
余り,あまり、あんまり,remainder; balance; left over,false,
パス,パス,path; pass,false,
会計,かいけい,accounting; finance,false,
奥,おく,inside; interior; depths; back,false,
救う,すくう,to rescue from; to save,false,
紐,ひも,string; cord,false,
つまり,つまり,that is; in other words,false,
元,もと,origin; source; foundation,true,2024-11-08
文字,もじ,letter; character,false,
バッグ,バッグ,bag,false,
文,ぶん,sentence; text,false,
少年,しょうねん,juvenile; youth (usually male),false,
冗談,じょうだん,joke,false,
出会う,であう,to come across; to meet; to encounter,false,
汗,あせ,sweat; perspiration; condensation,false,
管,かん,pipe; tube,false,
ライバル,ライバル,rival,false,
うさぎ,うさぎ,rabbit,false,
ストレスがたまる,ストレスがたまる,to build up stress,false,
誤り,あやまり,error; mistake,false,
現れ,あらわれ,manifestation; materialization; expression,false,
付ける,つける,to attach; to join; to apply,true,2024-11-05
金曜,きんよう,Friday,false,
同様,どうよう,identical; equal to,false,
プロジェクト,プロジェクト,project,false,
詰める,つめる,to stuff into; to fill,false,
閉じる,とじる,to close; to shut,false,
感じる,かんじる,to feel; to sense,false,
無事,ぶじ,safety; peace,false,
我が～,わが～,our ～,false,
気に入る,きにいる,to be pleased with,false,
ちゃんと,ちゃんと,seriously; properly; exactly,false,
面（おもて）,おもて,face; front side,false,
永遠,えいえん,eternity; perpetuity,false,
体調,たいちょう,physical condition; state of health,false,
横断,おうだん,crossing; traversing,false,
ますます,ますます,increasingly; more and more,false,
ベルト,ベルト,belt,false,
申し込む,もうしこむ,to apply for,false,
一晩,ひとばん,one night; | all night,false,
営業,えいぎょう,sales; selling,false,
ヨーロッパ,ヨーロッパ,Europe,false,
表面,ひょうめん,surface; exterior,false,
はさみ,はさみ,scissors,false,
大声,おおごえ,loud voice,false,
サングラス,サングラス,sunglasses,false,
都会,とかい,city,false,
ピザ,ピザ,pizza,false,
クリーム,クリーム,cream,false,
観光地,かんこうち,tourist attraction,false,
書物,しょもつ,books,false,
綿,めん,cotton,false,
自然,しぜん,natural; nature,false,
新製品,しんせいひん,new (manufactured) product,false,
格好,かっこう,shape; form; posture,false,
希望者,きぼうしゃ,applicant,false,
中央,ちゅうおう,centre; middle; capitol,false,
最高,さいこう,most; highest; best; finest,false,
始まり,はじまり,beginning,false,
どこか,どこか,somewhere; anywhere,false,
ビニール袋,ビニールぶくろ,plastic bag,false,
たびたび,たびたび,often; again and again,false,
男子,だんし,young man,false,
試し,ためし,trial; test,false,
話題,わだい,topic; subject,false,
対象,たいしょう,target; object; scope,true,2024-11-13
家具,かぐ,furniture,false,
石炭,せきたん,coal,false,
語る,かたる,to talk about; to speak of,false,
贈る,おくる,to give (as a gift); to present,true,2024-11-08
たまらない,たまらない,unbearable | irresistible,false,
輪,わ,ring; circle; loop,false,
借金,しゃっきん,debt; loan,false,
慎重,しんちょう,cautious; prudent,false,
独身,どくしん,single; unmarried,false,
具体,ぐたい,concrete; tangible,false,
グループディスカッション,グループディスカッション,group discussion,false,
終える,おえる,to finish,false,
覚める,さめる,to wake; to wake up,false,
関心,かんしん,interest; concern,false,
棒,ぼう,pole; rod; stick,false,
芸術,げいじゅつ,fine arts,false,
サラリーマン,サラリーマン,company employee,false,
特徴,とくちょう,trait; characteristic,false,
混雑,こんざつ,crowding; confusion; disorder,false,
手荷物,てにもつ,hand luggage,false,
残す,のこす,to leave (behind/over),false,
組合,くみあい,association; union,false,
進める,すすめる,to advance; to progress,false,
叫ぶ,さけぶ,to shout; to cry; to yell; to clamour,false,
能力,のうりょく,ability; faculty,false,
頬,ほほ,cheek (of face),false,
友人,ゆうじん,friend,false,
コアラ,コアラ,koala,false,
迷う,まよう,to be lose one's way; to be puzzled,false,
貧しい,まずしい,poor; scanty; inadequate,false,
狂う,くるう,to go mad; to get out of order,false,
双子,ふたご,twins,false,
命,いのち,life; lifetime,false,
説,せつ,theory; doctrine,false,
巨大,きょだい,huge; gigantic,false,
朝食,ちょうしょく,breakfast,false,
頭痛,ずつう,headache,false,
案,あん,idea; thought,false,
プラグ,プラグ,plug; connector,false,
首都,しゅと,capital city,true,2024-11-12
契約,けいやく,contract,false,
損害,そんがい,damage; injury; loss,false,
殺す,ころす,to kill,false,
独特,どくとく,peculiarity; uniqueness,false,
失望,しつぼう,disappointment; despair,true,2024-11-12
担当者,たんとうしゃ,person in charge; person responsible,false,
販売,はんばい,sales; selling,false,
事態,じたい,situation,false,
しょうがない,しょうがない,it can't be helped,false,
癖,くせ,habit; tendency; peculiarity,false,
徹底,てってい,thoroughness; completeness,false,
目指す,めざす,to aim for; to shoot for,false,
マスク,マスク,mask,false,
重傷,じゅうしょう,serious wound; serious injury,false,
既に,すでに,already,false,
飽きる,あきる,to get tired of,false,
要するに,ようするに,in a word; the point is; to put it simply,false,
勝手,かって,one's own convenience,true,2024-11-07
炎,ほのお,flame; blaze,false,
夫婦,ふうふ,married couple; husband and wife,true,2024-11-11
～分の～,～ぶんの～,expresses a fraction/portion where the first ～ is the denominator,false,
とにかく,とにかく,anyhow; at any rate,false,
頂上,ちょうじょう,top; summit; peak,false,
現状,げんじょう,present condition,false,
独立,どくりつ,independence; self-support,false,
ぴったり,ぴったり,tightly; closely; exactly; precisely,false,
プラス,プラス,plus; addition; positive,false,
滞在,たいざい,stay; sojourn,false,
現場,げんば,actual spot; actual site; shop/factory floor,false,
服装,ふくそう,garments; attire,false,
～次第,～しだい,depending on ～; as soon as ～,false,
絵画,かいが,painting,false,
タイトル,タイトル,title,false,
経由,けいゆ,through; by way of; via,false,
入力,にゅうりょく,input; (data) entry,false,
城,しろ,castle,false,
参考になる,さんこうになる,to be of use (as a reference),true,2024-11-08
汚染,おせん,pollution; contamination,false,
行き,いき,the way there; outbound leg,false,
牛,うし,cow; bull,false,
面倒,めんどう,trouble; bother,false,
夜明け,よあけ,dawn; daybreak,false,
深刻,しんこく,serious; grave,true,2024-11-09
ピッチャー,ピッチャー,pitcher,false,
コンタクトレンズ,コンタクトレンズ,contact lens,false,
職,しょく,job; work; occupation,false,
劣る,おとる,to be inferior to,false,
数字,すうじ,(math) numeral; digit; number,false,
姉妹,しまい,sisters,false,
破産,はさん,bankruptcy,false,
予期,よき,expectation; assumption,true,2024-11-04
前進,ぜんしん,advance; progress,false,
筋肉,きんにく,muscle,false,
支店,してん,branch office; branch store,false,
大家,たいか,master; expert,false,
戦う,たたかう,to wage war; to fight,false,
囲む,かこむ,to encircle; to enclose,false,
講演,こうえん,lecture; speech,false,
そのうち,そのうち,eventually; sooner or later,false,
スキー,スキー,skiing; ski,false,
お尻,おしり,buttocks; behind,false,
ゆっくり,ゆっくり,slowly; at easy,false,
経営,けいえい,management; administration,false,
大陸,たいりく,continent,false,
止す,よす,to cease; to desist; to abolish,false,
恐れる,おそれる,to fear,false,
頼る,たよる,to rely on; to count on,false,
国家,こっか,state; nation,false,
ところで,ところで,by the way,false,
値下げ,ねさげ,price decrease,false,
食品,しょくひん,food products; foodstuffs,false,
近頃,ちかごろ,lately; recently,false,
バレンタインデー,バレンタインデー,Valentine's Day,false,
貴重,きちょう,precious; valuable,false,
商人,しょうにん,trader; merchant,true,2024-11-11
組,くみ,group; class (of students),false,
時期,じき,time; season,false,
食中毒,しょくちゅうどく,food poisoning,false,
洗い流す,あらいながす,to rinse off,false,
経済学,けいざいがく,(study of) economics,false,
明ける,あける,to empty; to make space | to dawn; to grow light,false,
不足,ふそく,insufficiency; lack; shortage,false,
送信,そうしん,transmission; sending,true,2024-11-05
信頼,しんらい,reliance; confidence,true,2024-11-05
環境,かんきょう,environment,false,
隠す,かくす,to hide; to conceal,false,
不利,ふり,disadvantage; handicap,true,2024-11-07
喉が乾く,のどがかわく,to be thirsty,false,
者,もの,person,false,
開始,かいし,start; commencement,false,
グルメ,グルメ,gourmet,false,
理想,りそう,ideal,false,
はちみつ,はちみつ,honey,false,
覆う,おおう,to cover; to hide,false,
めったに,めったに,rarely; seldom,false,
勧める,すすめる,to recommend,false,
合図,あいず,signal; cue,false,
粗末,そまつ,crude; rough; shabby,false,
息,いき,breath,false,
ストレス,ストレス,stress,false,
遅刻,ちこく,being late,false,
年中,ねんじゅう,whole year; all year round,false,
身長,しんちょう,height (of body),true,2024-11-09
たっぷり,たっぷり,full; ample,false,
全体,ぜんたい,whole; entirety,true,2024-11-06
一致,いっち,coincidence; agreement,false,
ユーモア,ユーモア,humour,false,
異なる,ことなる,to differ,false,
自動販売機,じどうはんばいき,vending machine,false,
わがまま,わがまま,selfishness,false,
～のせい,～のせい,～'s fault (negative meaning),false,
トレーニング,トレーニング,training,false,
親友,しんゆう,close friend,false,
贅沢,ぜいたく,luxury; extravagance,false,
基づく,もとづく,to be based on; to originate from,false,
いちご,いちご,strawberry,false,
連続,れんぞく,occurring in succession; continuing,false,
条件,じょうけん,condition; requirement; prerequisite,false,
装置,そうち,equipment; device,false,
差別,さべつ,discrimination; differentiation,false,
議論,ぎろん,argument; discussion,false,
大臣,だいじん,cabinet minister,false,
毛虫,けむし,hairy caterpillar,false,
企業,きぎょう,corporation; business,false,
生,なま,raw; uncooked; fresh; natural,false,
ドロドロ,ドロドロ,syrupy; thick consistency,false,
バンド,バンド,band; musical group,false,
当時,とうじ,at that time; in those days,false,
保証,ほしょう,guarantee; warranty,false,
生物,せいぶつ,living thing; creature; life,false,
飯,めし,cooked rice,false,
学,がく,learning; scholarship,false,
迷惑メール,めいわくメール,spam (email),false,
職業,しょくぎょう,occupation,false,
実に,じつに,indeed; really; truly,true,2024-11-13
交換,こうかん,exchange; substitution,true,2024-11-04
ホームステイ,ホームステイ,homestay,false,
灰,はい,ashes,false,
警告,けいこく,warning; disclaimer,true,2024-11-11
わざと,わざと,on purpose,false,
プレゼン,プレゼン,presentation,false,
衣服,いふく,clothes,false,
クラスメイト,クラスメイト,classmate,false,
位,くらい,about,true,2024-11-05
王,おう,king; monarch,false,
診察,しんさつ,medical examination,true,2024-11-13
ラケット,ラケット,racket,false,
マンション,マンション,apartment,false,
怠ける,なまける,to be idle | to neglect (e.g. one's work),false,
物入れ,ものいれ,container/place to put things,false,
手間,てま,time; labour; trouble,false,
うどん,うどん,udon; thick Japanese noodles,false,
出会い,であい,meeting; encounter,false,
銃,じゅう,gun; rifle,false,
高価,こうか,high price,false,
生命,せいめい,life,false,
通じる,つうじる,to communicate (with); to be understood; to be connected,false,
暮れ,くれ,sunset; end; close,false,
署名,しょめい,signature,false,
外交,がいこう,diplomacy,true,2024-11-04
有効,ゆうこう,effective,false,
通学,つうがく,commuting to school,false,
真っ直ぐ,まっすぐ,straight ahead; direct; straight forward; honest,false,
マーケット,マーケット,market,false,
豆腐,とうふ,tofu; bean curd; beancurd,false,
香り,かおり,aroma,false,
本物,ほんもの,genuine article; real thing,false,
多少,たしょう,more or less; somewhat,false,
大いに,おおいに,very; much; greatly; a lot of,false,
効く,きく,to be effective,false,
栄養,えいよう,nutrition,false,
人工,じんこう,artificial; man-made,false,
重要,じゅうよう,important; essential,false,
同時,どうじ,simultaneous; concurrent,false,
アウト,アウト,outer; external; outside,false,
才能,さいのう,talent; ability,false,
替える,かえる,to replace; to exchange; to substitute,false,
代理,だいり,proxy; agent,false,
少しも,すこしも,not one bit,false,
嫌う,きらう,to hate; to dislike,false,
離婚,りこん,divorce,false,
鬼,おに,oni; ogre; demon,false,
博士,はかせ、はかし,doctorate; PhD,false,
席（せき）,せき,seat,false,
ヨーグルト,ヨーグルト,yogurt,false,
バーベキュー,バーベキュー,barbeque,false,
ユニフォーム,ユニフォーム,uniform,false,
順調,じゅんちょう,favourable; OK; all right,false,
潰す,つぶす,to smash; to crush,false,
観光,かんこう,sightseeing,false,
ピクニック,ピクニック,picnic,false,
基本,きほん,foundation; basis,false,
舌,した,tongue,false,
普段,ふだん,usual; everyday,false,
夢中,むちゅう,daze; engrossment; obsessed with; hooked on,false,
美容院,びよういん,beauty salon,false,
玉,たま,sphere; globe; egg,false,
方法,ほうほう,method; way; process,false,
火曜,かよう,Tuesday,false,
州,しゅう,state; province; county,false,
吐く,はく,to breathe out; to vomit,false,
根,ね,root (of a plant/tooth/hair/etc.),false,
谷,たに,valley,false,
訳,わけ,reason; excuse,false,
尊敬,そんけい,respect; honor,false,
程（ほど）,ほど,degree; extent,false,
入会,にゅうかい,becoming a member; joining a group,false,
それでも,それでも,but (still); even so,false,
外出,がいしゅつ,going out,false,
学習,がくしゅう,study; learning,false,
思想,しそう,idea; ideology,false,
徐々,じょじょ,gradually; steadily; little by little,false,
達する,たっする,to reach; to arrive at,false,
法,ほう,law; act,true,2024-11-06
鉄道,てつどう,railroad; railway,false,
さて,さて,well now; then,false,
実行,じっこう,execution (e.g. of a plan),true,2024-11-13
方向,ほうこう,direction; orientation,true,2024-11-09
莫大,ばくだい,enormous; vast,false,
しかたない,しかたない,it can't be helped,false,
預ける,あずける,to entrust; to deposit; to leave in one's care,false,
ライター,ライター,lighter,false,
直ちに,ただちに,at once; immediately,false,
肌,はだ,skin,false,
コーチ,コーチ,coach,false,
あちこち,あちこち,here and there; all around,false,
お祈り,おいのり,a wish,false,
症状,しょうじょう,symptom,false,
考慮,こうりょ,consideration; taking into account,false,
クッキー,クッキー,cookie,false,
蜂,はち,bee,false,
片手,かたて,one hand,false,
鋭い,するどい,(physically) sharp; pointed; (mentally) sharp; perceptive,false,
演説,えんぜつ,speech; address,false,
名人,めいじん,expert,false,
息が止まる,いきがとまる,to stop breathing,false,
中古,ちゅうこ,used; second-hand,false,
悩む,なやむ,to be worried; to be uncertain,false,
越す,こす,to cross over (e.g. mountain); to surpass,false,
社会人,しゃかいじん,working adult,false,
目薬,めぐすり,eye drops,false,
罰する,ばっする,to punish; to penalize,false,
限る,かぎる,to restrict; to limit,false,
胃,い,stomach,false,
単純,たんじゅん,simple; plain,true,2024-11-08
タオル,タオル,towel,false,
効果的,こうかてき,effective; successful,false,
文明,ぶんめい,civilization; culture,false,
ハイキング,ハイキング,hiking,false,
溶ける,とける,to melt; to thaw,false,
食材,しょくざい,food stuffs; ingredients,false,
デジカメ,デジカメ,digital camera,false,
希望,きぼう,request; hope; aspiration,false,
反抗,はんこう,opposition; resistance,true,2024-11-08
帰宅,きたく,returning home,false,
指す,さす,to point; to specify; to select,false,
調子,ちょうし,tone; pitch; mood; manner,false,
進学,しんがく,going on to a higher-level school,false,
農業,のうぎょう,agriculture,false,
諺,ことわざ,proverb; saying,false,
満足,まんぞく,satisfaction; contentment; sufficient,false,
イベント,イベント,event,false,
パスタ,パスタ,pasta,false,
ファッション,ファッション,fashion,false,
失業,しつぎょう,losing one's job; becoming unemployed,true,2024-11-12
日ごろ,ひごろ,normally; habitually,false,
塔,とう,tower; spire,false,
交際,こうさい,company; friendship,true,2024-11-04
違反,いはん,violation; offense,true,2024-11-08
くしゃみ,くしゃみ,sneeze,false,
梅雨,つゆ,rainy season (early June to mid-July),false,
種,たね,seed (e.g. of a plant),false,
後者,こうしゃ,the latter,false,
適用,てきよう,application (e.g. a technology); adoption,false,
券,けん,ticket; coupon,false,
なお,なお,furthermore; still,false,
明らか,あきらか,obvious; evident; clear,false,
確かめる,たしかめる,to check; to confirm,false,
新鮮,しんせん,fresh,false,
乗せる,のせる,to place on (something),false,
絶滅,ぜつめつ,extinction; extermination,false,
戻す,もどす,to return; to restore,false,
正直,しょうじき,honesty; frankness,false,
今にも,いまにも,at any time,false,
参考,さんこう,reference,true,2024-11-08
気の毒,きのどく,pitiful; unfortunate,false,
手に入れる,てにいれる,to obtain; to procure,false,
花火,はなび,fireworks,false,
行儀,ぎょうぎ,manners; behavior,false,
競技,きょうぎ,game; match,false,
パイロット,パイロット,pilot,false,
ただ,ただ,ordinary; common; usual | only; merely | but; however,false,
機械,きかい,machine; apparatus,true,2024-11-04
大雨,おおあめ,heavy rain,false,
バドミントン,バドミントン,badminton,false,
中学,ちゅうがく,middle school,false,
到着,とうちゃく,arrival,false,
活用,かつよう,practical use; application,false,
一般,いっぱん,general; ordinary; common,false,
直に,じきに,in person; firsthand,false,
順,じゅん,order; ranking,false,
ゆうべ,ゆうべ,last night,false,
一体,いったい,...the heck (e.g. what the heck?); generally,false,
機関,きかん,agency; institution; system; facility,false,
食料,しょくりょう,food,false,
浴衣,ゆかた,yukata (Japanese bathrobe),false,
否定,ひてい,denial; repudiation,true,2024-11-12
外す,はずす,to take off; to detach; to unfasten,false,
違いない,ちがいない,sure; for certain; no mistaking it,false,
にっこり,にっこり,smile; grin,false,
交通安全,こうつうあんぜん,traffic safety,true,2024-11-04
昼過ぎ,ひるすぎ,a little past noon,false,
湾,わん,bay; gulf; inlet,false,
コミュニケーション,コミュニケーション,communication,false,
震える,ふるえる,to shiver; to shake,false,
近代,きんだい,present day; modern times,false,
掴む,つかむ,to seize; to grasp; to grip,false,
物事,ものごと,things,false,
結ぶ,むすぶ,to tie; to bind,false,
信仰,しんこう,(religious) faith; belief,true,2024-11-05
物価,ぶっか,prices (in general/of commodities),false,
需要,じゅよう,demand; request,false,
引っ越し,ひっこし,moving; changing residence,false,
集団,しゅうだん,group; mass,false,
道路,どうろ,road; highway,false,
給料,きゅうりょう,salary; wages,false,
居眠り,いねむり,nodding off (when sitting); dozing,false,
目の前,めのまえ,before one's eyes,false,
眺め,ながめ,scene; view,false,
ひび,ひび,crack; rift,false,
ほぼ,ほぼ,almost; approximately,false,
自殺,じさつ,suicide,false,
配送,はいそう,delivery,false,
願う,ねがう,to desire; to request,false,
木曜,もくよう,Thursday,false,
流す,ながす,to drain; to pour; to wash away; to broadcast; to circulate,false,
現す,あらわす,to represent; to stand for; to show; to display,false,
週末,しゅうまつ,weekend,false,
成長,せいちょう,growth,false,
曜日,ようび,day of the week,false,
わずか,わずか,only; merely; small quantity,false,
数（すう）,すう,several; a few | quantity; amount,false,
知恵,ちえ,wisdom,false,
腰,こし,lower back,false,
当然,とうぜん,natural; of course,false,
テレビ局,テレビきょく,television station,false,
節,ふし,joint,false,
金銭,きんせん,money; cash,false,
転ぶ,ころぶ,to fall down; to fall over,false,
刑事,けいじ,(police) detective,false,
裸,はだか,naked,false,
程度,ていど,degree; amount; grade,false,
床,ゆか,floor,false,
妙,みょう,strange; weird; odd,false,
筋,すじ,tendon; artery; fiber,false,
使用,しよう,use,false,
胸,むね,chest,false,
結局,けっきょく,after all; ultimately,false,
状況,じょうきょう,situation; circumstances,false,
しかも,しかも,furthermore | nevertheless; and yet,false,
間違い,まちがい,mistake; error,false,
抵抗,ていこう,resistance; reluctance,false,
身体,しんたい,body; person,false,
行動,こうどう,action; conduct,true,2024-11-09
支給,しきゅう,payment; allowance,false,
国語,こくご,national language; Japanese language,false,
余裕,よゆう,surplus; leeway; flexibility,false,
飛行,ひこう,aviation; flying,false,
家賃,やちん,rent,false,
見事,みごと,splendid; magnificent,false,
おぼれる,おぼれる,to drown; to sink below the surface,false,
どうしても,どうしても,at any cost; no matter what,false,
ミルク,ミルク,milk,false,
過去,かこ,the past,false,
大戦,たいせん,great war; World War,false,
再度,さいど,twice; again; second time,false,
無料,むりょう,free; no charge,false,
黒板,こくばん,blackboard,false,
奨学金,しょうがくきん,scholarship; stipend,false,
布,ぬの,cloth,false,
食う,くう,to eat (casual or masculine),true,2024-11-09
可能,かのう,possible; feasible,false,
訳す,やくす,to translate,false,
幸い,さいわい,happiness; fortune,false,
似合う,にあう,to suit; to match,false,
自信,じしん,self-confidence; confidence,true,2024-11-05
駐車,ちゅうしゃ,parking (e.g. car),false,
時（とき）,とき,time; occasion,false,
批判,ひはん,criticism; judgement,false,
不可能,ふかのう,impossible,false,
底,そこ,bottom; sole,false,
憲法,けんぽう,constitution,false,
済ませる,すませる,to finish,false,
手段,しゅだん,means; way,false,
運,うん,fortune; luck,false,
負け,まけ,defeat; loss,false,
発見,はっけん,discovery; detection,false,
見送り,みおくり,seeing one off; farewell,false,
冒険,ぼうけん,risk; venture,false,
プラン,プラン,plan,false,
発展,はってん,development; growth; expansion,false,
敬語,けいご,honorific language,false,
不満,ふまん,dissatisfaction; discontent; displeasure,false,
左右,さゆう,left and right,false,
見当,けんとう,estimate; guess,false,
畑,はたけ,field; cultivated land,false,
蚊,か,mosquito,false,
型,かた,mould; template; type; pattern,false,
味付け,あじつけ,flavoring/seasoning,true,2024-11-05
